FK_ebay_data_membermessage_in_kEbayuser;ebay_data_membermessage_in;kEbayuser;ebay_user;kEbayuser
FK_ebay_data_membermessage_out_kEbayuser;ebay_data_membermessage_out;kEbayuser;ebay_user;kEbayuser
FK_dbo_pf_amazon_mapping_versandart_versanddienstleister_kVersandArt;pf_amazon_mapping_versandart_versanddienstleister;kVersandArt;tversandart;kVersandArt
FK_dbo_pf_amazon_mapping_versandart_versanddienstleister_kVersanddienstleister;pf_amazon_mapping_versandart_versanddienstleister;kVersanddienstleister;pf_amazon_versanddienstleister;kVersanddienstleister
FK_dbo_pf_amazon_umlagerung_versendet_kBestellung;pf_amazon_umlagerung_versendet;kAuftrag;tAuftrag;kAuftrag
FK_dbo_pf_amazon_umlagerung_versendet_pos_kAmazonUmlagerungVersendetPos;pf_amazon_umlagerung_versendet_pos;kAmazonUmlagerungVersendet;pf_amazon_umlagerung_versendet;kAmazonUmlagerungVersendet
FK_Ticketsystem_tAbgerufeneEmailsImap_kEingangskanalEmail;tAbgerufeneEmailsImap;kEingangskanalEmail;tEingangskanalEmail;kEingangskanalEmail
FK_Ticketsystem_tAbgerufeneEmailsImap_kNachricht;tAbgerufeneEmailsImap;kNachricht;tNachricht;kNachricht
FK_Ticketsystem_tAbgerufeneEmailsPop3_kEingangskanalEmail;tAbgerufeneEmailsPop3;kEingangskanalEmail;tEingangskanalEmail;kEingangskanalEmail
FK_Ticketsystem_tAbgerufeneEmailsPop3_kNachricht;tAbgerufeneEmailsPop3;kNachricht;tNachricht;kNachricht
FK_pps_tAdditionalResult_kArtikel;tAdditionalResult;kArtikel;tProdItem;kArtikel
FK_Contact_tAddress_kContact;tAddress;kContact;tContact;kContact
FK_Ticketsystem_tAgentAngeseheneTickets_kNachricht;tAgentAngeseheneTickets;kNachricht;tNachricht;kNachricht
FK_Ticketsystem_tAgentAngeseheneTickets_kNotiz;tAgentAngeseheneTickets;kNotiz;tNotiz;kNotiz
FK_Ticketsystem_tAgentAngeseheneTickets_kTelefonat;tAgentAngeseheneTickets;kTelefonat;tTelefonat;kTelefonat
FK_Ticketsystem_tAgentAngeseheneTickets_kTicket;tAgentAngeseheneTickets;kTicket;tTicket;kTicket
FK_Ticketsystem_tAgentLiestTicket_kTicket;tAgentLiestTicket;kTicket;tTicket;kTicket
FK_Amazon_tAmazonAngebotFehler_kUser;tAmazonAngebotFehler;kUser;pf_user;kUser
FK_Artikel_tArtikelAsin_kArtikel;tArtikelAsin;kArtikel;tArtikel;kArtikel
FK_dbo_tArtikelAttribut_kArtikel;tArtikelAttribut;kArtikel;tArtikel;kArtikel
FK_dbo_tArtikelAttribut_kAttribut;tArtikelAttribut;kAttribut;tAttribut;kAttribut
FK_dbo_tArtikelbildPlattform_kArtikel;tArtikelbildPlattform;kArtikel;tArtikel;kArtikel
FK_dbo_tArtikelbildPlattform_kBild;tArtikelbildPlattform;kBild;tBild;kBild
FK_dbo_tArtikelbildPlattformSeo_kArtikelbildPlattform;tArtikelbildPlattformSeo;kArtikelbildPlattform;tArtikelbildPlattform;kArtikelbildPlattform
FK_Artikel_tArtikelComplianceContact_kArtikel;tArtikelComplianceContact;kArtikel;tArtikel;kArtikel
FK_Artikel_tArtikelComplianceContact_kProductComplianceContact;tArtikelComplianceContact;kProductComplianceContact;tProductComplianceContact;kProductComplianceContact
FK_Artikel_tArtikelDimension_kArtikel;tArtikelDimension;kArtikel;tArtikel;kArtikel
FK_Artikel_tArtikelDimension_kDimension;tArtikelDimension;kDimension;tDimension;kDimension
FK_Artikel_tArtikelDimension_kMassEinheit;tArtikelDimension;kMasseinheit;tMassEinheit;kMassEinheit
FK_dbo_tArtikelEpid_kArtikel;tArtikelEpid;kArtikel;tArtikel;kArtikel
FK_dbo_tArtikelEpid_kSiteId;tArtikelEpid;kSiteId;ebay_xx_sites;SiteID
FK_dbo_tArtikelkonfiggruppe_kArtikel;tartikelkonfiggruppe;kArtikel;tArtikel;kArtikel
FK_dbo_tArtikelkonfiggruppe_kKonfiggruppe;tartikelkonfiggruppe;kKonfiggruppe;tkonfiggruppe;kKonfiggruppe
FK_Artikel_tArtikelkosten_kArtikel;tArtikelkosten;kArtikel;tArtikel;kArtikel
FK_dbo_tArtikelLabel_kArtikel;tArtikelLabel;kArtikel;tArtikel;kArtikel
FK_dbo_tArtikelLabel_kLabel;tArtikelLabel;kLabel;tLabel;kLabel
FK_Artikel_tArtikelMehrzweckGutschein_kArtikel;tArtikelMehrzweckGutschein;kArtikel;tArtikel;kArtikel
FK_Artikel_tArtikelMehrzweckGutschein_kGutscheinDruckVorlage;tArtikelMehrzweckGutschein;kGutscheinDruckVorlage;tVorlagenset;kVorlagenset
FK_Artikel_tArtikelMindestLagerbestandProLager_kArtikel;tArtikelMindestLagerbestandProLager;kArtikel;tArtikel;kArtikel
FK_Artikel_tArtikelMindestLagerbestandProLager_kWarenlager;tArtikelMindestLagerbestandProLager;kWarenlager;tWarenLager;kWarenLager
FK_tArtikelStateNotification_kArtikel;tArtikelStateNotification;kArtikel;tArtikel;kArtikel
FK_Artikel_tArtikelTeilmengen_kArtikel;tArtikelTeilmengen;kArtikel;tArtikel;kArtikel
FK_Artikel_tArtikelType_kArtikel;tArtikelType;kArtikel;tArtikel;kArtikel
FK_SCX_tArtikelVerkaufskanalFeldWert_kArtikel;tArtikelVerkaufskanalFeldWert;kArtikel;tArtikel;kArtikel
FK_SCX_tArtikelVerkaufskanalFeldWert_kfile;tArtikelVerkaufskanalFeldWert;kfile;tFile;kFile
FK_SCX_tArtikelVerkaufskanalFeldWert_kShopScx;tArtikelVerkaufskanalFeldWert;kShopScx;tShopScx;kShopScx
FK_dbo_tAttributWarengruppe_kAttribut;tAttributWarengruppe;kAttribut;tAttribut;kAttribut
FK_dbo_tAttributWarengruppe_kWarengruppe;tAttributWarengruppe;kWarengruppe;tWarengruppe;kWarengruppe
FK_Verkauf_tAuftrag_kAmazonUser;tAuftrag;kAmazonUser;pf_user;kUser
FK_Verkauf_tAuftrag_kFarbe;tAuftrag;kFarbe;tFarbe;kFarbe
FK_Verkauf_tAuftrag_kFirmaHistory;tAuftrag;kFirmaHistory;tFirmaHistory;kFirmaHistory
FK_Verkauf_tAuftrag_kKunde;tAuftrag;kKunde;tkunde;kKunde
FK_Verkauf_tAuftrag_kPlattform;tAuftrag;kPlattform;tPlattform;nPlattform
FK_Verkauf_tAuftrag_kSprache;tAuftrag;kSprache;tSpracheUsed;kSprache
FK_Verkauf_tAuftragAdresse_kAuftrag;tAuftragAdresse;kAuftrag;tAuftrag;kAuftrag
FK_Verkauf_tAuftragAdresse_kKunde;tAuftragAdresse;kKunde;tkunde;kKunde
FK_Verkauf_tAuftragAmazon_kAuftrag;tAuftragAmazon;kAuftrag;tAuftrag;kAuftrag
FK_Verkauf_tAuftragAttribut_kAuftrag;tAuftragAttribut;kAuftrag;tAuftrag;kAuftrag
FK_Verkauf_tAuftragAttributSprache_kAuftragAttribut;tAuftragAttributSprache;kAuftragAttribut;tAuftragAttribut;kAuftragAttribut
FK_Verkauf_tAuftragAusgabeDateien_kAuftrag;tAuftragAusgabeDateien;kAuftrag;tAuftrag;kAuftrag
FK_Verkauf_tAuftragEckdaten_kAuftrag;tAuftragEckdaten;kAuftrag;tAuftrag;kAuftrag
FK_Verkauf_tAuftragFile_kAuftrag;tAuftragFile;kAuftrag;tAuftrag;kAuftrag
FK_Verkauf_tAuftragFile_kFile;tAuftragFile;kFile;tFile;kFile
FK_Verkauf_tAuftragKampagne_kAuftrag;tAuftragKampagne;kAuftrag;tAuftrag;kAuftrag
FK_Verkauf_tAuftragkosten_kAuftragPosition;tAuftragkosten;kAuftragPosition;tAuftragPosition;kAuftragPosition
FK_Verkauf_tAuftragkosten_kSettlementPos;tAuftragkosten;kSettlementPos;pf_amazon_settlementpos;kMessageId
FK_Verkauf_tAuftragkosten_kZahlungsabgleichUmsatz;tAuftragkosten;kZahlungsabgleichUmsatz;tZahlungsabgleichUmsatz;kZahlungsabgleichUmsatz
FK_Verkauf_tAuftragLabel_kAuftrag;tAuftragLabel;kAuftrag;tAuftrag;kAuftrag
FK_Verkauf_tAuftragPosition_kAmazonBestellungPos;tAuftragPosition;kAmazonBestellungPos;pf_amazon_bestellungpos;kAmazonBestellungPos
FK_Verkauf_tAuftragPosition_kAuftrag;tAuftragPosition;kAuftrag;tAuftrag;kAuftrag
FK_Verkauf_tAuftragPosition_kEbayTransaction;tAuftragPosition;kEbayTransaction;ebay_transaction;kTransaction
FK_Verkauf_tAuftragPosition_kKonfigItem;tAuftragPosition;kKonfigItem;tkonfigitem;kKonfigitem
FK_Verkauf_tAuftragPosition_kSteuerklasse;tAuftragPosition;kSteuerklasse;tSteuerklasse;kSteuerklasse
FK_Verkauf_tAuftragPosition_kSteuerschluessel;tAuftragPosition;kSteuerschluessel;tSteuerschluessel;kSteuerschluessel
FK_Verkauf_tAuftragPositionEckdaten_kAuftragPosition;tAuftragPositionEckdaten;kAuftragPosition;tAuftragPosition;kAuftragPosition
FK_Verkauf_tAuftragPositionEigenschaft_kAuftragPosition;tAuftragPositionEigenschaft;kAuftragPosition;tAuftragPosition;kAuftragPosition
FK_Verkauf_tAuftragPositionFile_kAuftragPosition;tAuftragPositionFile;kAuftragPosition;tAuftragPosition;kAuftragPosition
FK_Verkauf_tAuftragPositionFile_kFile;tAuftragPositionFile;kFile;tFile;kFile
FK_Verkauf_tAuftragPositionIntervall_kAuftragPosition;tAuftragPositionIntervall;kAuftragPosition;tAuftragPosition;kAuftragPosition
FK_Verkauf_tAuftragPositionScxCustomField_kAuftragPositionScxCustomFieldGroup;tAuftragPositionScxCustomField;kAuftragPositionScxCustomFieldGroup;tAuftragPositionScxCustomFieldGroup;kAuftragPositionScxCustomFieldGroup
FK_Verkauf_tAuftragPositionScxCustomFieldGroup_kAuftragPosition;tAuftragPositionScxCustomFieldGroup;kAuftragPosition;tAuftragPosition;kAuftragPosition
FK_Verkauf_tAuftragPositionScxCustomFieldValue_kAuftragPositionScxCustomField;tAuftragPositionScxCustomFieldValue;kAuftragPositionScxCustomField;tAuftragPositionScxCustomField;kAuftragPositionScxCustomField
FK_Verkauf_tAuftragPositionTeilmengen_kAuftragPosition;tAuftragPositionTeilmengen;kAuftragPosition;tAuftragPosition;kAuftragPosition
FK_Verkauf_tAuftragPositionTeilmengenKonfiguration_kAuftragPosition;tAuftragPositionTeilmengenKonfiguration;kAuftragPosition;tAuftragPosition;kAuftragPosition
FK_Verkauf_tAuftragPositionTeilmengenKonfiguration_kDimension;tAuftragPositionTeilmengenKonfiguration;kDimension;tDimension;kDimension
FK_Verkauf_tAuftragPositionTeilmengenKonfiguration_kMassEinheit;tAuftragPositionTeilmengenKonfiguration;kMassEinheit;tMassEinheit;kMassEinheit
FK_Verkauf_tAuftragRechnung_kAuftrag;tAuftragRechnung;kAuftrag;tAuftrag;kAuftrag
FK_Verkauf_tAuftragRechnung_kRechnung;tAuftragRechnung;kRechnung;tRechnung;kRechnung
FK_Verkauf_tAuftragScxCustomField_kAuftragScxCustomFieldGroup;tAuftragScxCustomField;kAuftragScxCustomFieldGroup;tAuftragScxCustomFieldGroup;kAuftragScxCustomFieldGroup
FK_Verkauf_tAuftragScxCustomFieldGroup_kAuftrag;tAuftragScxCustomFieldGroup;kAuftrag;tAuftrag;kAuftrag
FK_Verkauf_tAuftragScxCustomFieldValue_kAuftragScxCustomField;tAuftragScxCustomFieldValue;kAuftragScxCustomField;tAuftragScxCustomField;kAuftragScxCustomField
FK_Verkauf_tAuftragStorno_kAuftragStornogrund;tAuftragStorno;kAuftragStornogrund;tAuftragStornogrund;kAuftragStornogrund
FK_Verkauf_tAuftragText_kAuftrag;tAuftragText;kAuftrag;tAuftrag;kAuftrag
FK_Verkauf_tAuftragZahlungsinfo_kAuftrag;tAuftragZahlungsinfo;kAuftrag;tAuftrag;kAuftrag
FK_Ticketsystem_tAusgangskanalEmail_kStatus_AntwortGeschrieben;tAusgangskanalEmail;kStatus_AntwortGeschrieben;tStatus;kStatus
FK_Ticketsystem_tAusgangskanalEmailBenutzerSignatur_kAusgangskanalEmail;tAusgangskanalEmailBenutzerSignatur;kAusgangskanalEmail;tAusgangskanalEmail;kAusgangskanalEmail
FK_Ticketsystem_tAusgangskanalEmailBenutzerSignatur_kFile_HtmlInhalt;tAusgangskanalEmailBenutzerSignatur;kFile_HtmlInhalt;tFile;kFile
FK_Ticketsystem_tAusgangskanalEmailOauth_kAusgangskanalEmail;tAusgangskanalEmailOauth;kAusgangskanalEmail;tAusgangskanalEmail;kAusgangskanalEmail
FK_Ticketsystem_tAusgangskanalEmailOauth_kOauthToken;tAusgangskanalEmailOauth;kOauthToken;tOauthToken;kOauthToken
FK_SCX_tBelegUploadQueue_kAuftrag;tBelegUploadQueue;kAuftrag;tAuftrag;kAuftrag
FK_SCX_tBelegUploadQueue_kOrder;tBelegUploadQueue;kOrder;tOrder;kOrder
FK_SCX_tBelegUploadQueue_kShop;tBelegUploadQueue;kShop;tShop;kShop
FK_Amazon_tBerichtDownloadQueue_kBerichtsanfrage;tBerichtDownloadQueue;kBerichtsanfrage;tBerichtsanfrage;kBerichtsanfrage
FK_Amazon_tBerichtsanfrage_kUser;tBerichtsanfrage;kUser;pf_user;kUser
FK_Amazon_tBerichtsanfrageMarktplatz_kBerichtsanfrage;tBerichtsanfrageMarktplatz;kBerichtsanfrage;tBerichtsanfrage;kBerichtsanfrage
FK_pps_tBillOfMaterial_kArtikel;tBillOfMaterial;kArtikel;tProdItem;kArtikel
FK_pps_tBillOfMaterialComponents_tArtikel;tBillOfMaterialComponents;kArtikel;tArtikel;kArtikel
FK_pps_tBillOfMaterialComponents_kBillOfMaterial;tBillOfMaterialComponents;kBillOfMaterial;tBillOfMaterial;kBillOfMaterial
FK_pps_tBillOfMaterialComponents_kOperationStep;tBillOfMaterialComponents;kOperationStep;tOperationStep;kOperationStep
FK_pps_tBillOfMaterialComponents_tBillOfMaterialComponents;tBillOfMaterialComponents;kParentBillOfMaterialComponent;tBillOfMaterialComponents;kBillOfMaterialComponent
FK_pps_tBillOfMaterialComponents_kSubsetDefinition;tBillOfMaterialComponents;kSubsetDefinition;tDefinition;kDefinition
FK_pps_tBillOfMaterialComponentsSubsets_kBillOfMaterialComponent;tBillOfMaterialComponentsSubsets;kBillOfMaterialComponent;tBillOfMaterialComponents;kBillOfMaterialComponent
FK_pps_tBillOfMaterialComponentsSubsets_kDimension;tBillOfMaterialComponentsSubsets;kDimension;tDimension;kDimension
FK_pps_tBillOfMaterialComponentsSubsets_kMassEinheit;tBillOfMaterialComponentsSubsets;kMassEinheit;tMassEinheit;kMassEinheit
FK_SCX_tCategory_kChannel;tCategory;kChannel;tChannel;kChannel
FK_SCX_tCategoryAttribute_kCategory;tCategoryAttribute;kCategory;tCategory;kCategory
FK_SCX_tCategoryAttribute_kChannel;tCategoryAttribute;kChannel;tChannel;kChannel
FK_SCX_tCategoryAttributeConditionalMandatory_kCategoryAttribute;tCategoryAttributeConditionalMandatory;kCategoryAttribute;tCategoryAttribute;kCategoryAttribute
FK_SCX_tCategoryAttributeConditionalOptional_kCategoryAttribute;tCategoryAttributeConditionalOptional;kCategoryAttribute;tCategoryAttribute;kCategoryAttribute
FK_SCX_tCategoryAttributeValue_kCategoryAttribute;tCategoryAttributeValue;kCategoryAttribute;tCategoryAttribute;kCategoryAttribute
FK_FulfillmentNetwork_tCategoryRef_kKategorie;tCategoryRef;kKategorie;tkategorie;kKategorie
FK_SCX_tChannelAttribute_kChannel;tChannelAttribute;kChannel;tChannel;kChannel
FK_SCX_tChannelAttributeConditionalMandatory_kChannelAttribute;tChannelAttributeConditionalMandatory;kChannelAttribute;tChannelAttribute;kChannelAttribute
FK_SCX_tChannelAttributeConditionalOptional_kChannelAttribute;tChannelAttributeConditionalOptional;kChannelAttribute;tChannelAttribute;kChannelAttribute
FK_SCX_tChannelAttributeValue_kChannelAttribute;tChannelAttributeValue;kChannelAttribute;tChannelAttribute;kChannelAttribute
FK_SCX_tChannelLanguage_kChannel;tChannelLanguage;kChannel;tChannel;kChannel
FK_SCX_tChannelPriceType_kChannel;tChannelPriceType;kChannel;tChannel;kChannel
FK_SCX_tChannelPriceType_kKundenGruppe;tChannelPriceType;kKundenGruppe;tKundenGruppe;kKundenGruppe
FK_SCX_tChannelPriceType_kShop;tChannelPriceType;kShop;tShop;kShop
FK_Sync_tConnectorLogeintrag_kSyncLogsitzung;tConnectorLogeintrag;kSyncLogsitzung;tSyncLogsitzung;kSyncLogsitzung
FK_dbo_tCountryState_cCountryIso2;tCountryState;cCountryIso2;tland;cISO
FK_dbo_tCustomerQueryColumn_kCustomerQueryUser;tCustomerQueryColumn;kCustomerQueryUser;tCustomerQueryUser;kCustomerQueryUser
FK_dbo_tCustomerQueryOverviewColumn_kCustomerQueryOverview;tCustomerQueryOverviewColumn;kCustomerQueryOverview;tCustomerQueryOverview;kCustomerQueryOverview
FK_dbo_tCustomerQueryOverviewRecht_kCustomerQueryOverview;tCustomerQueryOverviewRecht;kCustomerQueryOverview;tCustomerQueryOverview;kCustomerQueryOverview
FK_dbo_tCustomerQueryRecht_kCustomerQuery;tCustomerQueryRecht;kCustomerQuery;tCustomerQuery;kCustomerQuery
FK_Sync_tDbeSLogeintrag_kSyncLogsitzung;tDbeSLogeintrag;kSyncLogsitzung;tSyncLogsitzung;kSyncLogsitzung
FK_subset_tDefinitionSprache_kDefinition;tDefinitionSprache;kDefinition;tDefinition;kDefinition
FK_FulfillmentNetwork_tDeliveryQueue_kFulfillmentAuftrag;tDeliveryQueue;kFulfillmentAuftrag;tFulfillmentAuftrag;kFulfillmentAuftrag
FK_tDHLEKP_tShipperAccount;tDHLEKP;kShipperAccount;tShipperAccount;kShipperAccount
FK_subset_tDimension_kDimension;tDimension;kDefinition;tDefinition;kDefinition
FK_subset_tDimensionSprache_kDimension;tDimensionSprache;kDimension;tDimension;kDimension
FK_Blockly_tDirectory_kParentDirectory;tDirectory;kParentDirectory;tDirectory;kDirectory
FK_pps_tDisposition_kArtikel;tDisposition;kArtikel;tProdItem;kArtikel
FK_Ebay_tEbayAbgleichLogeintrag_kEbayAbgleichLogsitzung;tEbayAbgleichLogeintrag;kEbayAbgleichLogsitzung;tEbayAbgleichLogsitzung;kEbayAbgleichLogsitzung
FK_Ebay_tEbayItemProductCompliance_kItem;tEbayItemProductCompliance;kItem;ebay_item;kItem
FK_Ticketsystem_tEingangskanalEmail_kAusgangskanalEmail;tEingangskanalEmail;kAusgangskanalEmail;tAusgangskanalEmail;kAusgangskanalEmail
FK_Ticketsystem_tEingangskanalEmail_kStatusNeueAntwort;tEingangskanalEmail;kStatusNeueAntwort;tStatus;kStatus
FK_Ticketsystem_tEingangskanalEmail_kStatusNeuesTicket;tEingangskanalEmail;kStatusNeuesTicket;tStatus;kStatus
FK_Ticketsystem_tEingangskanalEmailLabel_kEingangskanalEmail;tEingangskanalEmailLabel;kEingangskanalEmail;tEingangskanalEmail;kEingangskanalEmail
FK_Ticketsystem_tEingangskanalEmailLabel_kLabel;tEingangskanalEmailLabel;kLabel;tLabel;kLabel
FK_Ticketsystem_tEingangskanalEmailOauth_kEingangskanalEmail;tEingangskanalEmailOauth;kEingangskanalEmail;tEingangskanalEmail;kEingangskanalEmail
FK_Ticketsystem_tEingangskanalEmailOauth_kOauthToken;tEingangskanalEmailOauth;kOauthToken;tOauthToken;kOauthToken
FK_Ticketsystem_tErreichbarkeit_kAntwortkanal;tErreichbarkeit;kAntwortkanal;tAntwortkanal;kAntwortkanal
FK_Rechnung_tExternerBeleg_kFirmaHistory;tExternerBeleg;kFirmaHistory;tFirmaHistory;kFirmaHistory
FK_Rechnung_tExternerBeleg_kPlattform;tExternerBeleg;kPlattform;tPlattform;nPlattform
FK_Rechnung_tExternerBelegEckdaten_kExternerBeleg;tExternerBelegEckdaten;kExternerBeleg;tExternerBeleg;kExternerBeleg
FK_Rechnung_tExternerBelegPosition_kArtikel;tExternerBelegPosition;kArtikel;tArtikel;kArtikel
FK_Rechnung_tExternerBelegPosition_kAuftragPosition;tExternerBelegPosition;kAuftragPosition;tAuftragPosition;kAuftragPosition
FK_Rechnung_tExternerBelegPosition_kExternerBelegTransaktion;tExternerBelegPosition;kExternerBelegTransaktion;tExternerBelegTransaktion;kExternerBelegTransaktion
FK_Rechnung_tExternerBelegTransaktion_kExternerBeleg;tExternerBelegTransaktion;kExternerBeleg;tExternerBeleg;kExternerBeleg
FK_Verkauf_tExterneRechnung_kAmazonUser;tExterneRechnung;kAmazonUser;pf_user;kUser
FK_Verkauf_tExterneRechnung_kFirmaHistory;tExterneRechnung;kFirmaHistory;tFirmaHistory;kFirmaHistory
FK_Verkauf_tExterneRechnung_kKunde;tExterneRechnung;kKunde;tkunde;kKunde
FK_Verkauf_tExterneRechnung_kPlattform;tExterneRechnung;kPlattform;tPlattform;nPlattform
FK_Verkauf_tExterneRechnungDokument_kExterneRechnung;tExterneRechnungDokument;kExterneRechnung;tExterneRechnung;kExterneRechnung
FK_Verkauf_PK_Verkauf_tExterneRechnungEckdaten_kExterneRechnung;tExterneRechnungEckdaten;kExterneRechnung;tExterneRechnung;kExterneRechnung
FK_Verkauf_tExterneRechnungPosition_kExterneRechnung;tExterneRechnungPosition;kExterneRechnung;tExterneRechnung;kExterneRechnung
FK_Verkauf_tExterneRechnungPositionZusatzdaten_kExterneRechnungPosition;tExterneRechnungPositionZusatzdaten;kExterneRechnungPosition;tExterneRechnungPosition;kExterneRechnungPosition
FK_Verkauf_tExterneRechnungZusatzdaten_kExterneRechnung;tExterneRechnungZusatzdaten;kExterneRechnung;tExterneRechnung;kExterneRechnung
FK_dbo_tExterneReservierung_kArtikel;tExterneReservierung;kArtikel;tArtikel;kArtikel
FK_SCX_tExternOffer_kOffer;tExternOffer;kOffer;tOffer;kOffer
FK_SCX_tFileMapping_kFile;tFileMapping;kFile;tFile;kFile
FK_FulfillmentNetwork_tFulfillerAttributeMapping_kAttribut;tFulfillerAttributeMapping;kAttribut;tAttribut;kAttribut
FK_FulfillmentNetwork_tFulfillerLieferscheinRef_kLieferschein;tFulfillerLieferscheinRef;kLieferschein;tLieferschein;kLieferschein
FK_FulfillmentNetwork_tFulfillerMerchantsSupplier_kFulfillerEinstellungen;tFulfillerMerchantsSupplier;kFulfillerEinstellungen;tFulfillerEinstellungen;kFulfillerEinstellungen
FK_FulfillmentNetwork_tFulfillerProductAttributes_kProductRef;tFulfillerProductAttributeAtFfn;kProductRef;tProductRef;kProductRef
FK_dbo_tGutschriftStorno_kStornoGutschrift;tGutschriftStorno;kStornoGutschrift;tgutschrift;kGutschrift
FK_dbo_tHersteller_kContact;tHersteller;kContact;tContact;kContact
FK_FulfillmentNetwork_tInboundRef_kLieferantenBestellung;tInboundRef;kLieferantenBestellung;tLieferantenBestellung;kLieferantenBestellung
FK_FulfillmentNetwork_tInboundShippingNotificationRef;tInboundShippingNotificationRef;kLieferavis;tLieferavis;kLieferavis
FK_WMS_tInventurArtikel_kWmsInventur;tInventurArtikel;kWmsInventur;tWmsInventur;kWmsInventur
FK_WMS_tInventurSerialNumber_kWmsInventurLog;tInventurSerialNumber;kWmsInventurLog;tWmsInventurlog;kWmsInventurlog
FK_Beschaffung_tItemStockDemandStatusTransition_kItemStockDemand;tItemStockDemandStatusTransition;kItemStockDemand;tItemStockDemand;kItemStockDemand
FK_dbo_tKategorieartikel_kArtikel;tkategorieartikel;kArtikel;tArtikel;kArtikel
FK_dbo_tKategorieartikel_kKategorie;tkategorieartikel;kKategorie;tkategorie;kKategorie
FK_dbo_tKonfigshop_kShop;tkonfigshop;kShop;tShop;kShop
FK_Kunde_tKundeEigenesFeld_kAttribut;tKundeEigenesFeld;kAttribut;tAttribut;kAttribut
FK_Ticketsystem_tLabelBenutzergruppeRechte_kLabel;tLabelBenutzergruppeRechte;kLabel;tLabel;kLabel
FK_dbo_tliefartikel_kArtikel;tliefartikel;tArtikel_kArtikel;tArtikel;kArtikel
FK_dbo_tliefartikel_kLieferant;tliefartikel;tLieferant_kLieferant;tlieferant;kLieferant
FK_dbo_tLieferantenBestellung_kLieferantenBestellung;tLieferavis;kLieferantenBestellung;tLieferantenBestellung;kLieferantenBestellung
FK_dbo_tLieferavisPaket_kPaket;tLieferavisIdentifier;kLieferavisPaket;tLieferavisPaket;kLieferavisPaket
FK_dbo_tLieferavisPaket_kLieferavis;tLieferavisPaket;kLieferavis;tLieferavis;kLieferavis
FK_dbo_tLieferavis_kLieferavis;tLieferavisPosition;kLieferavis;tLieferavis;kLieferavis
FK_dbo_tLieferavisSeriennummer_kLieferavisPosition;tLieferavisSeriennummer;kLieferavisPosition;tLieferavisPosition;kLieferavisPosition
FK_dbo_tLieferscheinEckdaten_kLieferschein;tLieferscheinEckdaten;kLieferschein;tLieferschein;kLieferschein
FK_BI_tLogeintrag_kLogsitzung;tLogeintrag;kLogsitzung;tLogsitzung;kLogsitzung
FK_pps_tLotPreparationComponent_kBillOfMaterialComponent;tLotPreparationComponent;kBillOfMaterialComponent;tBillOfMaterialComponents;kBillOfMaterialComponent
FK_pps_tLotPreparationComponent_kLotPreparationLot;tLotPreparationComponent;kLotPreparationLot;tLotPreparationLot;kLotPreparationLot
FK_pps_tLotPreparationItem_kLotPreparationProductionOrder;tLotPreparationItem;kLotPreparationProductionOrder;tLotPreparationProductionOrder;kLotPreparationProductionOrder
FK_pps_tLotPreparationItem_kProductionOrderProducible;tLotPreparationItem;kProductionOrderProducible;tProductionOrderProducible;kProductionOrderProducible
FK_pps_tLotPreparationLot_kLotPreparationItem;tLotPreparationLot;kLotPreparationItem;tLotPreparationItem;kLotPreparationItem
FK_pps_tLotPreparationLot_kPickliste;tLotPreparationLot;kPickliste;tPickliste;kPickliste
FK_pps_tLotPreparationLot_kResource;tLotPreparationLot;kResource;tResource;kResource
FK_pps_tLotPreparationProductionOrder_kProductionOrder;tLotPreparationProductionOrder;kProductionOrder;tProductionOrder;kProductionOrder
FK_pps_tLotPreparationStock_kLotPreparationComponent;tLotPreparationStock;kLotPreparationComponent;tLotPreparationComponent;kLotPreparationComponent
FK_pps_tLotPreparationStock_kPicklistePos;tLotPreparationStock;kPicklistePos;tPicklistePos;kPicklistePos
FK_pps_tLotSize_kArtikel;tLotSize;kArtikel;tProdItem;kArtikel
FK_FulfillmentNetwork_tMerchantInboundShippingNotificationRef_kLieferschein;tMerchantInboundShippingNotificationRef;kLieferschein;tLieferschein;kLieferschein
FK_FulfillmentNetwork_tMerchantProductAttributeMapping_kAttribut;tMerchantProductAttributeMapping;kAttribut;tAttribut;kAttribut
FK_FulfillmentNetwork_tMerchantVersandRef_kLieferschein;tMerchantVersandRef;kLieferschein;tLieferschein;kLieferschein
FK_dbo_tMerchantVersandRef_kVersand;tMerchantVersandRef;kVersand;tVersand;kVersand
FK_dbo_tMerchantWarehouseRef_kWarenLager;tMerchantWarehouseRef;kWarenLager;tWarenLager;kWarenLager
FK_Shipping_tMessage_kPackage;tMessage;kPackage;tPackage;kPackage
FK_Ticketsystem_tNachricht_kFile_HtmlInhalt;tNachricht;kFile_HtmlInhalt;tFile;kFile
FK_Ticketsystem_tNachricht_kTicket;tNachricht;kTicket;tTicket;kTicket
FK_Ticketsystem_tNachrichtAngebot_tNachricht;tNachrichtAngebot;kNachricht;tNachricht;kNachricht
FK_Ticketsystem_tNachrichtArtikel_tArtikel;tNachrichtArtikel;kArtikel;tArtikel;kArtikel
FK_Ticketsystem_tNachrichtArtikel_tNachricht;tNachrichtArtikel;kNachricht;tNachricht;kNachricht
FK_Ticketsystem_tNachrichtAuftrag_tNachricht;tNachrichtAuftrag;kNachricht;tNachricht;kNachricht
FK_Ticketsystem_tNachrichtBenutzerOptionen_kNachricht;tNachrichtBenutzerOptionen;kNachricht;tNachricht;kNachricht
FK_Ticketsystem_tNachrichtEingangsrechnung_tNachricht;tNachrichtEingangsrechnung;kNachricht;tNachricht;kNachricht
FK_Ticketsystem_tNachrichtenanhang_kAnhang;tNachrichtenanhang;kAnhang;tFile;kFile
FK_Ticketsystem_tNachrichtenanhang_kNachricht;tNachrichtenanhang;kNachricht;tNachricht;kNachricht
FK_Ticketsystem_tNachrichtEntwurf_kAusgangskanalEmail;tNachrichtEntwurf;kAusgangskanalEmail;tAusgangskanalEmail;kAusgangskanalEmail
FK_Ticketsystem_tNachrichtEntwurf_kFile_HtmlInhalt;tNachrichtEntwurf;kFile_HtmlInhalt;tFile;kFile
FK_Ticketsystem_tNachrichtEntwurf_kTicket;tNachrichtEntwurf;kTicket;tTicket;kTicket
FK_Ticketsystem_tNachrichtEntwurfAnhang_kAnhang;tNachrichtEntwurfAnhang;kAnhang;tFile;kFile
FK_Ticketsystem_tNachrichtEntwurfAnhang_kNachrichtEntwurf;tNachrichtEntwurfAnhang;kNachrichtEntwurf;tNachrichtEntwurf;kNachrichtEntwurf
FK_Ticketsystem_tNachrichtEntwurfTyp_kAntwortkanal;tNachrichtEntwurfTyp;kAntwortkanal;tAntwortkanal;kAntwortkanal
FK_Ticketsystem_tNachrichtEntwurfTyp_kNachrichtEntwurf;tNachrichtEntwurfTyp;kNachrichtEntwurf;tNachrichtEntwurf;kNachrichtEntwurf
FK_Ticketsystem_tNachrichtLieferantenbestellung_tNachricht;tNachrichtLieferantenbestellung;kNachricht;tNachricht;kNachricht
FK_Ticketsystem_tNachrichtPreisanfrage_tNachricht;tNachrichtPreisanfrage;kNachricht;tNachricht;kNachricht
FK_Ticketsystem_tNachrichtRechnung_tNachricht;tNachrichtRechnung;kNachricht;tNachricht;kNachricht
FK_Ticketsystem_tNachrichtRechnungskorrektur_tNachricht;tNachrichtRechnungskorrektur;kNachricht;tNachricht;kNachricht
FK_Ticketsystem_tNachrichtRetoure_tNachricht;tNachrichtRetoure;kNachricht;tNachricht;kNachricht
FK_Ticketsystem_tNachrichtTyp_kAntwortkanal;tNachrichtTyp;kAntwortkanal;tAntwortkanal;kAntwortkanal
FK_Ticketsystem_tNachrichtTyp_kNachricht;tNachrichtTyp;kNachricht;tNachricht;kNachricht
FK_Ebay_tNegotiationAngebot_kAlienItem;tNegotiationAngebot;kAlienItem;ebay_alienitem;kAlienItem
FK_Ebay_tNegotiationAngebot_kEbayItem;tNegotiationAngebot;kEbayItem;ebay_item;kItem
FK_Ebay_tNegotiationAngebotStatus_kAlienItem;tNegotiationAngebotStatus;kAlienItem;ebay_alienitem;kAlienItem
FK_Ebay_tNegotiationAngebotStatus_kEbayItem;tNegotiationAngebotStatus;kEbayItem;ebay_item;kItem
FK_Ebay_tNegotiationAutomatisierung_kAlienItem;tNegotiationAutomatisierung;kAlienItem;ebay_alienitem;kAlienItem
FK_Ebay_tNegotiationAutomatisierung_kEbayItem;tNegotiationAutomatisierung;kEbayItem;ebay_item;kItem
FK_Ebay_tNegotiationGlobaleEinstellungen_kEbayuser;tNegotiationGlobaleEinstellungen;kEbayuser;ebay_user;kEbayuser
FK_Ebay_tNegotiationItem_kAlienItem;tNegotiationItem;kAlienItem;ebay_alienitem;kAlienItem
FK_Ebay_tNegotiationItem_kEbayItem;tNegotiationItem;kEbayItem;ebay_item;kItem
FK_Ebay_tNegotiationItem_kEbayuser;tNegotiationItem;kEbayuser;ebay_user;kEbayuser
FK_Ebay_tNegotiationItem_nSiteId;tNegotiationItem;nSiteId;ebay_xx_sites;SiteID
FK_Ebay_tNegotiationVerlauf_kAlienItem;tNegotiationVerlauf;kAlienItem;ebay_alienitem;kAlienItem
FK_Ebay_tNegotiationVerlauf_kEbayItem;tNegotiationVerlauf;kEbayItem;ebay_item;kItem
FK_Ebay_tNegotiationVerlauf_kEbayuser;tNegotiationVerlauf;kEbayuser;ebay_user;kEbayuser
FK_Ebay_tNegotiationVerlauf_nSiteId;tNegotiationVerlauf;nSiteId;ebay_xx_sites;SiteID
FK_SCX_tNotification_kNotification;tNotificationDetail;kNotification;tNotification;kNotification
FK_Ticketsystem_tNotiz_kFile_HtmlInhalt;tNotiz;kFile_HtmlInhalt;tFile;kFile
FK_Ticketsystem_tNotiz_kTicket;tNotiz;kTicket;tTicket;kTicket
FK_Ticketsystem_tNotizAnhang_kAnhang;tNotizAnhang;kAnhang;tFile;kFile
FK_Ticketsystem_tNotizAnhang_kNotiz;tNotizAnhang;kNotiz;tNotiz;kNotiz
FK_Ticketsystem_tNotizEntwurf_kFile_HtmlInhalt;tNotizEntwurf;kFile_HtmlInhalt;tFile;kFile
FK_Ticketsystem_tNotizEntwurf_kTicket;tNotizEntwurf;kTicket;tTicket;kTicket
FK_Ticketsystem_tNotizEntwurfAnhang_kAnhang;tNotizEntwurfAnhang;kAnhang;tFile;kFile
FK_Ticketsystem_tNotizEntwurfAnhang_kNotizEntwurf;tNotizEntwurfAnhang;kNotizEntwurf;tNotizEntwurf;kNotizEntwurf
FK_dbo_tOauthToken_cConfigId;tOauthToken;cConfigId;tOauthConfig;cId
FK_SCX_tOfferFailure_kOffer;tOfferFailure;kOffer;tOffer;kOffer
FK_SCX_tOfferPrice_kChannelPriceType;tOfferPrice;kChannelPriceType;tChannelPriceType;kChannelPriceType
FK_SCX_tOfferPrice_kOffer;tOfferPrice;kOffer;tOffer;kOffer
FK_pps_tOperationFile_kOperation;tOperationFile;kOperation;tOperation;kOperation
FK_pps_tOperationLabel_kOperation;tOperationLabel;kOperation;tOperation;kOperation
FK_pps_tOperationStep_kOperation;tOperationStep;kOperation;tOperation;kOperation
FK_pps_tOperationStepFile_kOperationStep;tOperationStepFile;kOperationStep;tOperationStep;kOperationStep
FK_pps_tOperationStepSprache_kOperationStep;tOperationStepSprache;kOperationStep;tOperationStep;kOperationStep
FK_SCX_tOrder_kAuftrag;tOrder;kAuftrag;tAuftrag;kAuftrag
FK_SCX_tOrderCancellationEvent_kAuftrag;tOrderCancellationEvent;kAuftrag;tAuftrag;kAuftrag
FK_SCX_tOrderItem_kAuftragPosition;tOrderItem;kAuftragPosition;tAuftragPosition;kAuftragPosition
FK_SCX_tOrderItem_kOrder;tOrderItem;kOrder;tOrder;kOrder
FK_SCX_tOrderShipping_kLieferschein;tOrderShipping;kLieferschein;tLieferschein;kLieferschein
FK_FulfillmentNetwork_tOutboundItemRef_kAuftragPosition;tOutboundItemRef;kAuftragPosition;tAuftragPosition;kAuftragPosition
FK_FulfillmentNetwork_tOutboundRef_kBestellung;tOutboundRef;kBestellung;tAuftrag;kAuftrag
FK_FulfillmentNetwork_tOutboundRef_kFulfillmentAuftrag;tOutboundRef;kFulfillmentAuftrag;tFulfillmentAuftrag;kFulfillmentAuftrag
FK_Shipping_tPackage_kVersand;tPackage;kVersand;tVersand;kVersand
FK_Shipping_tPackage_kPackage;tPackageDpdProperties;kPackage;tPackage;kPackage
FK_SCX_tPaymentRule_kChannel;tPaymentRule;kChannel;tChannel;kChannel
FK_dbo_tPlattformUeberverkaeufeMoeglich_kArtikel;tPlattformUeberverkaeufeMoeglich;kArtikel;tArtikel;kArtikel
FK_dbo_tPlattformUeberverkaeufeMoeglich_nPlattform;tPlattformUeberverkaeufeMoeglich;nPlattform;tPlattform;nPlattform
FK_Sync_tPosLogeintrag_kSyncLogsitzung;tPosLogeintrag;kSyncLogsitzung;tSyncLogsitzung;kSyncLogsitzung
FK_dbo_tPreis_kArtikel;tPreis;kArtikel;tArtikel;kArtikel
FK_Amazon_tPreiskonfiguration_kKundengruppe;tPreiskonfiguration;kKundengruppe;tKundenGruppe;kKundenGruppe
FK_Amazon_tPreiskonfiguration_kPlattform;tPreiskonfiguration;kPlattform;tPlattform;nPlattform
FK_Amazon_tPreiskonfiguration_kUser;tPreiskonfiguration;kUser;pf_user;kUser
FK_PParams_tProcessParameter_kProcessParameterGroup;tProcessParameter;kProcessParameterGroup;tProcessParameterGroup;kProcessParameterGroup
FK_PParams_tProcessParameterActualValue_kFile;tProcessParameterActualValue;kFile;tFile;kFile
FK_PParams_tProcessParameterActualValue_kProcessParameterAssignment;tProcessParameterActualValue;kProcessParameterAssignment;tProcessParameterAssignment;kProcessParameterAssignment
FK_PParams_tProcessParameterActualValueObjectType_kProcessParameter;tProcessParameterActualValueObjectType;kProcessParameter;tProcessParameter;kProcessParameter
FK_Deprecated_tProcessParameterAssignment_kLinkedProcessParameter;tProcessParameterAssignment;kLinkedProcessParameter;tProcessParameter;kProcessParameter
FK_Deprecated_tProcessParameterAssignment_kProcessParameter;tProcessParameterAssignment;kProcessParameter;tProcessParameter;kProcessParameter
FK_PParams_tProcessParameterAssignment_kProcessParameter;tProcessParameterAssignment;kProcessParameter;tProcessParameter;kProcessParameter
FK_PParams_tProcessParameterAssignment_kProcessParameterActualValueObjectType;tProcessParameterAssignment;kProcessParameterActualValueObjectType;tProcessParameterActualValueObjectType;kProcessParameterActualValueObjectType
FK_PParams_tProcessParameterAssignmentTargetValueObjectType_kProcessParameterAssignment;tProcessParameterAssignmentTargetValueObjectType;kProcessParameterAssignment;tProcessParameterAssignment;kProcessParameterAssignment
FK_PParams_tProcessParameterAssignmentTargetValueObjectType_kProcessParameterTargetValueObjectType;tProcessParameterAssignmentTargetValueObjectType;kProcessParameterTargetValueObjectType;tProcessParameterTargetValueObjectType;kProcessParameterTargetValueObjectType
FK_PParams_tProcessParameterGroupLanguage_kProcessParameterGroup;tProcessParameterGroupLanguage;kProcessParameterGroup;tProcessParameterGroup;kProcessParameterGroup
FK_PParams_tProcessParameterLanguage_kProcessParameter;tProcessParameterLanguage;kProcessParameter;tProcessParameter;kProcessParameter
FK_Deprecated_tProcessParameterLanguage_kProcessParameter;tProcessParameterLanguage;kProcessParameter;tProcessParameter;kProcessParameter
FK_PParams_tProcessParameterTargetValue_kFile;tProcessParameterTargetValue;kFile;tFile;kFile
FK_PParams_tProcessParameterTargetValue_kProcessParameterAssignmentTargetValueObjectType;tProcessParameterTargetValue;kProcessParameterAssignmentTargetValueObjectType;tProcessParameterAssignmentTargetValueObjectType;kProcessParameterAssignmentTargetValueObjectType
FK_PParams_tProcessParameterTargetValueObjectType_kProcessParameter;tProcessParameterTargetValueObjectType;kProcessParameter;tProcessParameter;kProcessParameter
FK_Deprecated_tProcessParameterValue_kFile;tProcessParameterValue;kFile;tFile;kFile
FK_Deprecated_tProcessParameterValue_kLinkedProcessParameterAssignment;tProcessParameterValue;kLinkedProcessParameterAssignment;tProcessParameterAssignment;kProcessParameterAssignment
FK_Deprecated_tProcessParameterValue_kProcessParameterAssignment;tProcessParameterValue;kProcessParameterAssignment;tProcessParameterAssignment;kProcessParameterAssignment
FK_pps_tProdCondition_tArtikel;tProdCondition;kArtikel;tProdItem;kArtikel
FK_pps_tProdCondition_tZustand;tProdCondition;kZustand;tZustand;kZustand
FK_pps_tProdItem_tArtikel;tProdItem;kArtikel;tArtikel;kArtikel
FK_pps_tProdItem_kItemLabelPrintTemplate;tProdItem;kItemLabelPrintTemplate;tVorlagenset;kVorlagenset
FK_pps_tProdItem_kItemSingleLabelPrintTemplate;tProdItem;kItemSingleLabelPrintTemplate;tVorlagenset;kVorlagenset
FK_Contact_tProductComplianceContact_kContact;tProductComplianceContact;kContact;tContact;kContact
FK_pps_tProductionOrderFile_kProductionOrder;tProductionOrderFile;kProductionOrder;tProductionOrder;kProductionOrder
FK_pps_tProductionOrderLabel_kProductionOrder;tProductionOrderLabel;kProductionOrder;tProductionOrder;kProductionOrder
FK_pps_tProductionOrderProducible_kArtikel;tProductionOrderProducible;kArtikel;tProdItem;kArtikel
FK_pps_tProductionOrderProducible_kBillOfMaterial;tProductionOrderProducible;kBillOfMaterial;tBillOfMaterial;kBillOfMaterial
FK_pps_tProductionOrderProducible_kDisposition;tProductionOrderProducible;kDisposition;tDisposition;kDisposition
FK_pps_tProductionOrderProducible_kProductionOrder;tProductionOrderProducible;kProductionOrder;tProductionOrder;kProductionOrder
FK_pps_tProductionOrderSearch_kProductionOrder;tProductionOrderSearch;kProductionOrder;tProductionOrder;kProductionOrder
FK_FulfillmentNetwork_tProductPictureRef_kArtikelbildPlattform;tProductPictureRef;kArtikelbildPlattform;tArtikelbildPlattform;kArtikelbildPlattform
FK_FulfillmentNetwork_tProductRef_kArtikel;tProductRef;kArtikel;tArtikel;kArtikel
FK_Rechnung_tRechnung_kPlattform;tRechnung;kPlattform;tPlattform;nPlattform
FK_Rechnung_tRechnung_kVersandArt;tRechnung;kVersandArt;tversandart;kVersandArt
FK_Rechnung_tRechnungAdresse_kRechnung;tRechnungAdresse;kRechnung;tRechnung;kRechnung
FK_Rechnung_tRechnungAusgabeDateien_kRechnung;tRechnungAusgabeDateien;kRechnung;tRechnung;kRechnung
FK_Rechnung_tRechnungEckdaten_kRechnung;tRechnungEckdaten;kRechnung;tRechnung;kRechnung
FK_Rechnung_tRechnungFile_kFile;tRechnungFile;kFile;tFile;kFile
FK_Rechnung_tRechnungFile_kRechnung;tRechnungFile;kRechnung;tRechnung;kRechnung
FK_Rechnung_tRechnung_kRechnung;tRechnungKorrektur;kRechnung;tRechnung;kRechnung
FK_Rechnung_tRechnung_kRechnungNeu;tRechnungKorrektur;kRechnungNeu;tRechnung;kRechnung
FK_tGutschrift_kRechnungskorrektur;tRechnungKorrektur;kRechnungskorrektur;tgutschrift;kGutschrift
FK_dbo_tRechnungLabel_kRechnung;tRechnungLabel;kRechnung;tRechnung;kRechnung
FK_Rechnung_tRechnungLieferscheinPosition_kLieferscheinPosition;tRechnungLieferscheinPosition;kLieferscheinPosition;tLieferscheinPos;kLieferscheinPos
FK_Rechnung_tRechnungLieferscheinPosition_kRechnungPosition;tRechnungLieferscheinPosition;kRechnungPosition;tRechnungPosition;kRechnungPosition
FK_Rechnung_tRechnungPosition_kAuftragPosition;tRechnungPosition;kAuftragPosition;tAuftragPosition;kAuftragPosition
FK_Rechnung_tRechnungPosition_kRechnung;tRechnungPosition;kRechnung;tRechnung;kRechnung
FK_Rechnung_tRechnungPosition_kSteuerklasse;tRechnungPosition;kSteuerklasse;tSteuerklasse;kSteuerklasse
FK_Rechnung_tRechnungPosition_kSteuerschluessel;tRechnungPosition;kSteuerschluessel;tSteuerschluessel;kSteuerschluessel
FK_Rechnung_tRechnungPositionEckdaten_kRechnungPosition;tRechnungPositionEckdaten;kRechnungPosition;tRechnungPosition;kRechnungPosition
FK_Rechnung_tRechnungPositionFile_kFile;tRechnungPositionFile;kFile;tFile;kFile
FK_Rechnung_tRechnungPositionFile_kRechnung;tRechnungPositionFile;kRechnung;tRechnung;kRechnung
FK_Rechnung_tRechnungPositionFile_kRechnungPosition;tRechnungPositionFile;kRechnungPosition;tRechnungPosition;kRechnungPosition
FK_Rechnung_tRechnungPositionTeilmengen_kRechnungPosition;tRechnungPositionTeilmengen;kRechnungPosition;tRechnungPosition;kRechnungPosition
FK_Rechnung_tRechnungPositionTeilmengenKonfiguration_kDimension;tRechnungPositionTeilmengenKonfiguration;kDimension;tDimension;kDimension
FK_Rechnung_tRechnungPositionTeilmengenKonfiguration_kMassEinheit;tRechnungPositionTeilmengenKonfiguration;kMassEinheit;tMassEinheit;kMassEinheit
FK_Rechnung_tRechnungPositionTeilmengenKonfiguration_kRechnungPosition;tRechnungPositionTeilmengenKonfiguration;kRechnungPosition;tRechnungPosition;kRechnungPosition
FK_Rechnung_tRechnungPositionText_kRechnungPosition;tRechnungPositionText;kRechnungPosition;tRechnungPosition;kRechnungPosition
FK_Rechnung_tRechnungStorno_kStornoGutschrift;tRechnungStorno;kStornoGutschrift;tgutschrift;kGutschrift
FK_Rechnung_tRechnungText_kRechnung;tRechnungText;kRechnung;tRechnung;kRechnung
FK_Rechnung_tRechnungZahlungsinfo_kRechnung;tRechnungZahlungsinfo;kRechnung;tRechnung;kRechnung
FK_ResPl_tResource_kResourceType;tResource;kResourceType;tResourceType;kResourceType
FK_ResPl_tResource_kTimeModel;tResource;kTimeModel;tTimeModel;kTimeModel
FK_ResPl_tResourceAbsenteeism_kAbsenteeismType;tResourceAbsenteeism;kAbsenteeismType;tAbsenteeismType;kAbsenteeismType
FK_ResPl_tResourceAbsenteeism_kResource;tResourceAbsenteeism;kResource;tResource;kResource
FK_ResPl_tResourceCustomField_kAttribut;tResourceCustomField;kAttribut;tAttribut;kAttribut
FK_ResPl_tResourceCustomField_kResource;tResourceCustomField;kResource;tResource;kResource
FK_ResPl_tResourceGroup_kResourceType;tResourceGroup;kResourceType;tResourceType;kResourceType
FK_ResPl_tResourceLabel_kResource;tResourceLabel;kResource;tResource;kResource
FK_ResPl_tResourcesGroups_kResource;tResourcesGroups;kResource;tResource;kResource
FK_ResPl_tResourcesGroups_kSubResource;tResourcesGroups;kResourceGroup;tResourceGroup;kResourceGroup
FK_ResPl_tResourceSub_kResource;tResourceSub;kResource;tResource;kResource
FK_ResPl_tResourceSub_kSubResource;tResourceSub;kSubResource;tResource;kResource
FK_ResPl_tResourceUser_kResource;tResourceUser;kResource;tResource;kResource
FK_dbo_tRestApiRegistrationRequestScope_kRestApiRegistrationRequest;tRestApiRegistrationRequestScope;kRestApiRegistrationRequest;tRestApiRegistrationRequest;kRestApiRegistrationRequest
FK_dbo_tRestApiRequestLog_kRestApiRegistrationRequest;tRestApiRequestLog;kRestApiRegistrationRequest;tRestApiRegistrationRequest;kRestApiRegistrationRequest
FK_SCX_tRMGrund_kReturnReason;tRMGrund;kSCXReason;tReturnReason;kReturnReason
FK_Blockly_tScript_kDirectory;tScript;kDirectory;tDirectory;kDirectory
FK_Sync_tScxLogeintrag_kSyncLogsitzung;tScxLogeintrag;kSyncLogsitzung;tSyncLogsitzung;kSyncLogsitzung
FK_SCX_tSellerAttribute_kShop;tSellerAttribute;kShop;tShop;kShop
FK_SCX_tSellerAttributeConditionalMandatory_kSellerAttribute;tSellerAttributeConditionalMandatory;kSellerAttribute;tSellerAttribute;kSellerAttribute
FK_SCX_tSellerAttributeConditionalOptional_kSellerAttribute;tSellerAttributeConditionalOptional;kSellerAttribute;tSellerAttribute;kSellerAttribute
FK_SCX_tSellerAttributeValue_kSellerAttribute;tSellerAttributeValue;kSellerAttribute;tSellerAttribute;kSellerAttribute
FK_WMS_tSerialNumber_kArtikel;tSerialNumber;kArtikel;tArtikel;kArtikel
FK_WMS_tSerialNumber_kPicklistePos;tSerialNumber;kPicklistePos;tPicklistePos;kPicklistePos
FK_WMS_tSerialNumber_kWarenlager;tSerialNumber;kWarenlager;tWarenLager;kWarenLager
FK_WMS_tSerialNumber_kWarenlagerEingang;tSerialNumber;kWarenlagerEingang;tWarenLagerEingang;kWarenLagerEingang
FK_Amazon_tSFPVersand_kVersandArt;tSFPVersand;kVersandArt;tversandart;kVersandArt
FK_FulfillmentNetwork_tShippingMethodMapping_kKunde;tShippingMethodMapping;kKunde;tkunde;kKunde
FK_FulfillmentNetwork_tShippingMethodMapping_kVersandart;tShippingMethodMapping;kVersandart;tversandart;kVersandArt
FK_FulfillmentNetwork_tShippingMethodMapping_kWarenlager;tShippingMethodMapping;kWarenlager;tWarenLager;kWarenLager
FK_SCX_tShippingRule_kChannel;tShippingRule;kChannel;tChannel;kChannel
FK_dbo_tShopKonfiguration_kDummyKategorie;tShopKonfiguration;kDummyKategorie;tkategorie;kKategorie
FK_dbo_tShopKundengruppe_kKundenGruppe;tShopKundenGruppe;kKundenGruppe;tKundenGruppe;kKundenGruppe
FK_dbo_tShopKundengruppe_kWebShop;tShopKundenGruppe;kWebShop;tShop;kShop
FK_dbo_tShopScx_kChannel;tShopScx;kChannel;tChannel;kChannel
FK_dbo_tShopScx_kZahlungsart;tShopScx;kZahlungsart;tZahlungsart;kZahlungsart
FK_dbo_tShopUeberverkaeufeMoeglich_kArtikel;tShopUeberverkaeufeMoeglich;kArtikel;tArtikel;kArtikel
FK_dbo_tShopUeberverkaeufeMoeglich_kShop;tShopUeberverkaeufeMoeglich;kShop;tShop;kShop
FK_dbo_tShopUeberverkaeufeMoeglich_nPlattform;tShopUeberverkaeufeMoeglich;nPlattform;tPlattform;nPlattform
FK_dbo_tShopVersandarten_kShop;tShopVersandarten;kShop;tShop;kShop
FK_dbo_tShopVersandarten_kVersandart;tShopVersandarten;kVersandart;tversandart;kVersandArt
FK_dbo_tSqlError_kErrorMessage;tSqlError;kErrorMessage;tSqlErrorMessages;kErrorMessage
FK_Shipping_tState_kPackage;tState;kPackage;tPackage;kPackage
FK_FulfillmentNetwork_tStockRef_kArtikel;tStockRef;kArtikel;tArtikel;kArtikel
FK_Ticketsystem_tTelefonat_kFile_HtmlInhalt;tTelefonat;kFile_HtmlInhalt;tFile;kFile
FK_Ticketsystem_tTelefonat_kTicket;tTelefonat;kTicket;tTicket;kTicket
FK_Ticketsystem_tTelefonatAnhang_kAnhang;tTelefonatAnhang;kAnhang;tFile;kFile
FK_Ticketsystem_tTelefonatAnhang_kTelefonat;tTelefonatAnhang;kTelefonat;tTelefonat;kTelefonat
FK_Ticketsystem_tTelefonatEntwurf_kFile_HtmlInhalt;tTelefonatEntwurf;kFile_HtmlInhalt;tFile;kFile
FK_Ticketsystem_tTelefonatEntwurf_kTicket;tTelefonatEntwurf;kTicket;tTicket;kTicket
FK_Ticketsystem_tTelefonatEntwurfAnhang_kAnhang;tTelefonatEntwurfAnhang;kAnhang;tFile;kFile
FK_Ticketsystem_tTelefonatEntwurfAnhang_kTelefonatEntwurf;tTelefonatEntwurfAnhang;kTelefonatEntwurf;tTelefonatEntwurf;kTelefonatEntwurf
FK_Nachrichten_tTextbaustein_kTextbausteinGruppe;tTextbaustein;kTextbausteinGruppe;tTextbausteinGruppe;kTextbausteinGruppe
FK_Nachrichten_tTextbausteinInhaltSprache_kFile;tTextbausteinInhaltSprache;kFile;tFile;kFile
FK_Nachrichten_tTextbausteinInhaltSprache_kSprache;tTextbausteinInhaltSprache;kSprache;tSpracheUsed;kSprache
FK_Nachrichten_tTextbausteinInhaltSprache_kTextbaustein;tTextbausteinInhaltSprache;kTextbaustein;tTextbaustein;kTextbaustein
FK_Ticketsystem_tTicket_kKunde;tTicket;kKunde;tkunde;kKunde
FK_Ticketsystem_tTicket_kLieferant;tTicket;kLieferant;tlieferant;kLieferant
FK_Ticketsystem_tTicket_kStatus;tTicket;kStatus;tStatus;kStatus
FK_Ticketsystem_tTicketBeobachter_kTicket;tTicketBeobachter;kTicket;tTicket;kTicket
FK_Ticketsystem_tTicketEckdaten_kTicket;tTicketEckdaten;kTicket;tTicket;kTicket
FK_Ticketsystem_tTicketLabel_kLabel;tTicketLabel;kLabel;tLabel;kLabel
FK_Ticketsystem_tTicketLabel_kTicket;tTicketLabel;kTicket;tTicket;kTicket
FK_Ticketsystem_tTicketRelation_kBasisticket;tTicketRelation;kBasisticket;tTicket;kTicket
FK_Ticketsystem_tTicketRelation_kVerknuepftesTicket;tTicketRelation;kVerknuepftesTicket;tTicket;kTicket
FK_ResPl_tTimeModelEntry_kTimeModel;tTimeModelEntry;kTimeModel;tTimeModel;kTimeModel
FK_ResPl_tTimeModelEntry_kTimeModelType;tTimeModelEntry;kTimeModelType;tTimeModelType;kTimeModelType
FK_ResPl_tTimeModelHoliday_kTimeModel;tTimeModelHoliday;kTimeModel;tTimeModel;kTimeModel
FK_ResPl_tTimeModelHoliday_kTimeModelType;tTimeModelHoliday;kTimeModelType;tTimeModelType;kTimeModelType
FK_ResPl_tTimeModelReplacement_kTimeModel;tTimeModelReplacement;kTimeModel;tTimeModel;kTimeModel
FK_ResPl_tTimeModelReplacement_kTimeModelReplaced;tTimeModelReplacement;kTimeModelReplaced;tTimeModel;kTimeModel
FK_Shipping_tTrackAndTraceConfiguration_tversandart;tTrackAndTraceConfiguration;kVersandart;tversandart;kVersandArt
FK_Shipping_tTrackAndTraceDpdConfiguration_tversandart;tTrackAndTraceDpdConfiguration;kVersandart;tversandart;kVersandArt
FK_ResPl_tUserResource_kResource;tUserResource;kResource;tResource;kResource
FK_dbo_tUserSession_kOwnerUserSession;tUserSession;kOwnerUserSession;tUserSession;kUserSession
FK_Ticketsystem_tVaterLabelLabel_kLabel;tVaterLabelLabel;kLabel;tLabel;kLabel
FK_Ticketsystem_tVaterLabelLabel_kVater;tVaterLabelLabel;kVater;tLabel;kLabel
FK_Amazon_tVCSSelfInvoiceLogeintrag_kAmazonabgleichLogsitzung;tVCSSelfInvoiceLogeintrag;kAmazonabgleichLogsitzung;tAmazonabgleichLogsitzung;kAmazonabgleichLogsitzung
FK_dbo_tVerfuegbarkeitsAnfrage_kArtikel;tVerfuegbarkeitsAnfrage;kArtikel;tArtikel;kArtikel
FK_dbo_tVerfuegbarkeitsAnfrage_kShop;tVerfuegbarkeitsAnfrage;kShop;tShop;kShop
FK_SCX_tVerkaufskanalArtikelData_kArtikel;tVerkaufskanalArtikelData;kArtikel;tArtikel;kArtikel
FK_SCX_tVerkaufskanalArtikelData_kShopScx;tVerkaufskanalArtikelData;kShopScx;tShopScx;kShopScx
FK_SCX_tVerkaufskanalCategoryFeldWert_kfile;tVerkaufskanalCategoryFeldWert;kfile;tFile;kFile
FK_SCX_tVerkaufskanalCategoryFeldWert_kShopScx;tVerkaufskanalCategoryFeldWert;kShopScx;tShopScx;kShopScx
FK_SCX_tVerkaufskanalChannelFeldWert_kfile;tVerkaufskanalChannelFeldWert;kfile;tFile;kFile
FK_SCX_tVerkaufskanalChannelFeldWert_kShopScx;tVerkaufskanalChannelFeldWert;kShopScx;tShopScx;kShopScx
FK_SCX_tVerkaufskanalKategoriemapping_kShopScx;tVerkaufskanalKategoriemapping;kShopScx;tShopScx;kShopScx
FK_SCX_tVerkaufskanalKategoriemapping_kWawiKategorie;tVerkaufskanalKategoriemapping;kWawiKategorie;tkategorie;kKategorie
FK_Shipping_tVersandplattformConfiguration_kVersandArt;tVersandplattformConfiguration;kVersandArt;tversandart;kVersandArt
FK_Shipping_tVersandplattformConfigurationMetadata_kVersandplattformConfiguration;tVersandplattformConfigurationMetadata;kVersandplattformConfiguration;tVersandplattformConfiguration;kVersandplattformConfiguration
FK_Ticketsystem_tVordefinierteAntwort_kFile_HtmlInhalt;tVordefinierteAntwort;kFile_HtmlInhalt;tFile;kFile
FK_FulfillmentNetwork_tVorgang_kVorgangType;tVorgang;kVorgangType;tVorgangType;kVorgangType
FK_FulfillmentNetwork_tVorgang_FulfillmentLog_kVorgang;tVorgang_FulfillmentLog;kVorgang;tVorgang;kVorgang
FK_FulfillmentNetwork_tVorgang_Queue_kVorgang;tVorgang_Queue;kVorgang;tVorgang;kVorgang
FK_FulfillmentNetwork_tVorgangType_kScopeType;tVorgangType;kScopeType;tScopeType;kScopeType
FK_FulfillmentNetwork_tVorgangType_kUserType;tVorgangType;kUserType;tUserType;kUserType
FK_Report_tVorlage_kVorlagenset;tVorlage;kVorlagenset;tVorlagenset;kVorlagenset
FK_Report_tVorlagensetEinstellung_kVorlagenset;tVorlagensetEinstellung;kVorlagenset;tVorlagenset;kVorlagenset
FK_dbo_tVoucherEinloesungen_kAuftrag;tVoucherEinloesungen;kAuftrag;tAuftrag;kAuftrag
FK_dbo_tVoucherEinloesungen_kAuftragPosition;tVoucherEinloesungen;kAuftragPosition;tAuftragPosition;kAuftragPosition
FK_dbo_tVoucherEinloesungen_kZahlung;tVoucherEinloesungen;kZahlung;tZahlung;kZahlung
FK_dbo_tVoucherEinloesungen_kZahlungGegenbuchung;tVoucherEinloesungen;kZahlungGegenbuchung;tZahlung;kZahlung
FK_dbo_tVouchers_kZahlungsart;tVouchers;kZahlungsart;tZahlungsart;kZahlungsart
FK_dbo_tVouchersToken_kVouchers;tVouchersToken;kVouchers;tVouchers;kVouchers
FK_WMS_tWarehouseBinDevice_kWarenLagerPlatz;tWarehouseBinDevice;kWarenLagerPlatz;tWarenLagerPlatz;kWarenLagerPlatz
FK_WMS_tWarenLagerEingangHistorieSerialnumber_kArtikelHistory;tWarenLagerEingangHistorieSerialnumber;kArtikelHistory;tArtikelHistory;kArtikelHistory
FK_WMS_tWarenLagerEingangHistorieSerialnumber_kSerialNumber;tWarenLagerEingangHistorieSerialnumber;kSerialNumber;tSerialNumber;kSerialNumber
FK_WMS_tWarenLagerEingangHistorieSerialnumber_kWarenLagerEingangHistorie;tWarenLagerEingangHistorieSerialnumber;kWarenLagerEingangHistorie;tWarenLagerEingangHistorie;kWarenLagerEingangHistorie
FK_dbo_tWarenLagerEingangSubsetDetails_kDimension;tWarenLagerEingangSubsetDetails;kDimension;tDimension;kDimension
FK_dbo_tWarenLagerEingangSubsetDetails_kWarenLagerEingangSubset;tWarenLagerEingangSubsetDetails;kWarenLagerEingangSubset;tWarenLagerEingangSubsets;kWarenLagerEingangSubset
FK_dbo_tWarenLagerEingangSubsets_kWarenLagerEingang;tWarenLagerEingangSubsets;kWarenLagerEingang;tWarenLagerEingang;kWarenLagerEingang
FK_pps_tWorkbenchBin_kWarenLagerPlatz;tWorkbenchBin;kWarenLagerPlatz;tWarenLagerPlatz;kWarenLagerPlatz
FK_pps_tWorkbenchBin_kWorkbenchResource;tWorkbenchBin;kWorkbenchResource;tWorkbenchResource;kWorkbenchResource
FK_ResPl_tWorkbenchResource_kResource;tWorkbenchResource;kResource;tResource;kResource
FK_ResPl_tWorkbenchResource_kWarenLager;tWorkbenchResource;kWarenLager;tWarenLager;kWarenLager
FK_pps_tWorkJobResult_kArtikel;tWorkJob;kArtikel;tProdItem;kArtikel
FK_pps_tWorkJobResult_kBillOfMaterial;tWorkJob;kBillOfMaterial;tBillOfMaterial;kBillOfMaterial
FK_pps_tWorkJobResult_kProductionOrderProducible;tWorkJob;kProductionOrderProducible;tProductionOrderProducible;kProductionOrderProducible
FK_pps_tWorkJobResult_kSessionId;tWorkJob;kSessionId;tSessionId;kSessionId
FK_pps_tWorkJobResult_kWorkProcessIteration;tWorkJob;kWorkProcessIteration;tWorkProcessIteration;kWorkProcessIteration
FK_pps_tWorkJobBillOfMaterialsComponent_kOriginBillOfMaterialComponent;tWorkJobBillOfMaterialsComponent;kOriginBillOfMaterialComponent;tBillOfMaterialComponents;kBillOfMaterialComponent
FK_pps_tWorkJobBillOfMaterialsComponent_kWorkJobOperation;tWorkJobBillOfMaterialsComponent;kWorkJobOperation;tWorkJobOperation;kWorkJobOperation
FK_pps_tWorkJobBillOfMaterialsComponentStock_kWorkbenchResource;tWorkJobBillOfMaterialsComponentStock;kWorkbenchResource;tWorkbenchResource;kWorkbenchResource
FK_pps_tWorkJobBillOfMaterialsComponentStock_kWorkJobBillOfMaterialsComponent;tWorkJobBillOfMaterialsComponentStock;kWorkJobBillOfMaterialsComponent;tWorkJobBillOfMaterialsComponent;kWorkJobBillOfMaterialsComponent
FK_pps_tWorkJobDisposition_kDisposition;tWorkJobDisposition;kDisposition;tDisposition;kDisposition
FK_pps_tWorkJobDisposition_kWorkJob;tWorkJobDisposition;kWorkJob;tWorkJob;kWorkJob
FK_pps_tWorkJobOperation_kBillOfMaterialComponent;tWorkJobOperation;kBillOfMaterialComponent;tBillOfMaterialComponents;kBillOfMaterialComponent
FK_pps_tWorkJobOperation_kCreatedWorkbenchResource;tWorkJobOperation;kCreatedWorkbenchResource;tWorkbenchResource;kWorkbenchResource
FK_pps_tWorkJobOperation_kLastWorkbenchResource;tWorkJobOperation;kLastWorkbenchResource;tWorkbenchResource;kWorkbenchResource
FK_pps_tWorkJobOperation_kOperation;tWorkJobOperation;kOperation;tOperation;kOperation
FK_pps_tWorkJobOperation_kPickliste;tWorkJobOperation;kPickliste;tPickliste;kPickliste
FK_pps_tWorkJobOperation_kWorkJob;tWorkJobOperation;kWorkJob;tWorkJob;kWorkJob
FK_pps_tWorkJobOperationStep_kOperationStep;tWorkJobOperationStep;kOperationStep;tOperationStep;kOperationStep
FK_pps_tWorkJobOperationStep_kWorkJobOperation;tWorkJobOperationStep;kWorkJobOperation;tWorkJobOperation;kWorkJobOperation
FK_pps_tWorkJobResult_kWorkJob;tWorkJobResult;kWorkJob;tWorkJob;kWorkJob
FK_pps_tWorkJobResult_kZustand;tWorkJobResult;kZustand;tZustand;kZustand
FK_pps_tWorkProcess_kCreatedWorkbenchResource;tWorkProcess;kCreatedWorkbenchResource;tWorkbenchResource;kWorkbenchResource
FK_pps_tWorkProcess_kCurrentWorkbenchResource;tWorkProcess;kCurrentWorkbenchResource;tWorkbenchResource;kWorkbenchResource
FK_pps_tWorkProcess_kLastWorkbenchResource;tWorkProcess;kLastWorkbenchResource;tWorkbenchResource;kWorkbenchResource
FK_pps_tWorkProcess_kProductionOrder;tWorkProcess;kProductionOrder;tProductionOrder;kProductionOrder
FK_pps_tWorkProcessIteration_kCreatedWorkbenchResource;tWorkProcessIteration;kCreatedWorkbenchResource;tWorkbenchResource;kWorkbenchResource
FK_pps_tWorkProcessIteration_kLastWorkbenchResource;tWorkProcessIteration;kLastWorkbenchResource;tWorkbenchResource;kWorkbenchResource
FK_pps_tWorkProcessIteration_kPickliste;tWorkProcessIteration;kPickliste;tPickliste;kPickliste
FK_pps_tWorkProcessIteration_kWorkProcess;tWorkProcessIteration;kWorkProcess;tWorkProcess;kWorkProcess
FK_pps_tWorkProcessReplenishment_kReplenishmentAuftrag;tWorkProcessReplenishment;kReplenishmentAuftrag;tAuftrag;kAuftrag
FK_pps_tWorkProcessReplenishment_kWorkJobOperation;tWorkProcessReplenishment;kWorkJobOperation;tWorkJobOperation;kWorkJobOperation
FK_pps_tWorkProcessReplenishment_kWorkProcess;tWorkProcessReplenishment;kWorkProcess;tWorkProcess;kWorkProcess
FK_pps_tWorkProcessReplenishment_kWorkProcessIteration;tWorkProcessReplenishment;kWorkProcessIteration;tWorkProcessIteration;kWorkProcessIteration
FK_pps_tWorkProcessSearch_kWorkProcess;tWorkProcessSearch;kWorkProcess;tWorkProcess;kWorkProcess
FK_dbo_tZahlungsabgleichLogeintrag_kZahlungsabgleichLogsitzung;tZahlungsabgleichLogeintrag;kZahlungsabgleichLogsitzung;tZahlungsabgleichLogsitzung;kZahlungsabgleichLogsitzung
FK_dbo_tZahlungsabgleichUmsatzDetail_kZahlungsabgleichUmsatz;tZahlungsabgleichUmsatzDetail;kZahlungsabgleichUmsatz;tZahlungsabgleichUmsatz;kZahlungsabgleichUmsatz
FK_dbo_tZahlungsausgangLogeintrag_kZahlungsabgleichLogsitzung;tZahlungsausgangLogeintrag;kZahlungsabgleichLogsitzung;tZahlungsabgleichLogsitzung;kZahlungsabgleichLogsitzung
FK_SCX_tCondition_kCondition;tZustand;kSCXCondition;tCondition;kCondition
